station_id,RMSE,MAE,Bias,NRMSE,district,district_std
BUXADUR,12.33543119430542,5.2863222599029545,-0.17790469035506248,1.213681956583796,ALIPURDUAR,Alipurduar
KUMARGRAM,12.272476415634156,5.2426509666442875,0.16022636830806733,1.2442194095543642,ALIPURDUAR,Alipurduar
BUXA,12.270326299667358,5.253973956108093,-0.17000065743923187,1.207276291904317,ALIPURDUAR,Alipurduar
BIJANBARI,12.14350323677063,6.044344983100891,-1.0393159770965577,1.1421388280017317,DARJEELING,Darjeeling
SINGLA BAZAR,12.126606321334839,6.034605574607849,-1.048052475452423,1.1405496141796245,DARJEELING,Darjeeling
SANKOS,11.994722995758057,5.213592457771301,0.0015143620152957738,1.191168232379046,ALIPURDUAR,Alipurduar
JAIGAON,11.994722995758057,5.213591723442078,0.0015146167716011405,1.191168232379046,ALIPURDUAR,Alipurduar
BAROBHISHA,11.666207599639893,5.135383458137512,0.21259719103574753,1.1909663864241842,ALIPURDUAR,Alipurduar
JAYANTI,11.57861093521118,5.022022485733032,0.02465211186558008,1.1688094247563272,ALIPURDUAR,Alipurduar
RAMAN,11.342522621154785,5.420487146377564,-0.8209800720214844,1.101601107620776,DARJEELING,Darjeeling
RANGO,11.244618911743164,5.12917323589325,-1.8100574660301207,0.9419061319602213,KALIMPONG,Kalimpong
SANDAKPHU,11.078694286346435,4.977845606803894,-0.6104137372970581,1.1089338593890363,DARJEELING,Darjeeling
ALIPURDUAR(CWC),10.782499656677246,4.864830503463745,0.6446819907426834,1.1898527855161893,ALIPURDUAR,Alipurduar
ALIPURDUAR,10.776613273620605,4.871352081298828,0.674751028418541,1.1892032209903771,ALIPURDUAR,Alipurduar
MOHUA TEA  ESTAT,10.668962078094482,4.784732809066773,0.2329753088951111,1.1206831722442314,ALIPURDUAR,Alipurduar
DARJEELING,10.645009727478026,5.225953054428101,-0.6245767909288407,1.0546270151908974,DARJEELING,Darjeeling
MURTI,10.641399030685424,4.581095604896546,0.5332205444574356,1.175854707003765,JALPAIGURI,Jalpaiguri
NEORA,10.626501693725587,4.569716072082519,0.5050034391880035,1.174208579108783,JALPAIGURI,Jalpaiguri
KALIMPONG AMFU,10.534087829589843,5.211096472740174,0.33169169127941134,1.173964827258167,KALIMPONG,Kalimpong
KALIMPONG,10.534086360931397,5.211096472740174,0.3316912552714348,1.1739646635844454,KALIMPONG,Kalimpong
MUNSONG,10.465312757492065,5.351214199066162,-2.4984889101982115,0.8290996862584455,KALIMPONG,Kalimpong
KALCHINI,10.455098237991333,4.6748845005035395,0.720339930653572,1.1718453746086646,ALIPURDUAR,Alipurduar
CHENGMARI/DIANA,10.423863544464112,4.748461718559265,-0.3911859893798828,1.0126455085146016,JALPAIGURI,Jalpaiguri
HASIMARA  AERO,10.418071155548095,4.644252691268921,0.6901989287137985,1.1676952447573072,COOCH BEHAR,Cooch Behar
LABHA(LAVA),10.346571722030639,4.638254323005676,-0.46602308690547944,1.0238061941981678,KALIMPONG,Kalimpong
SAMSING,10.34368727684021,4.543445444107055,-0.16625484406948088,1.0505484000916057,JALPAIGURI,Jalpaiguri
FALAKATA,10.31432879447937,4.836886339187622,0.4858386397361755,1.1381628895303526,ALIPURDUAR,Alipurduar
TUFANGANJ,10.26262393951416,5.150704503059387,0.03131059620529413,1.0471735840067713,COOCH BEHAR,Cooch Behar
CHEPAN,10.249752616882324,5.156133031845092,0.0712999828159809,1.0458602250519147,ALIPURDUAR,Alipurduar
TOOFANGANJ,10.239551315307617,5.15475396156311,0.07759832456707955,1.0448193086552426,COOCH BEHAR,Cooch Behar
SUKHIAPOKHRI,10.202505140304565,4.921575427055359,-0.26823789000511167,1.0593570976289233,DARJEELING,Darjeeling
GAJOLDOBA,10.178264198303223,4.762615180015564,1.144362874031067,1.2432116394537105,JALPAIGURI,Jalpaiguri
TANGLU,10.1755508518219,4.914145483970642,-0.2907036370038986,1.0565583519852826,DARJEELING,Darjeeling
NAGARKATA,10.168079051971436,4.4338916015625,0.1173478063941002,1.0528212141781612,JALPAIGURI,Jalpaiguri
DAMOHANI,10.158097314834595,4.829149813652038,1.0211677646636963,1.199407588478743,JALPAIGURI,Jalpaiguri
MOHITNAGAR,10.128397369384766,4.817900624275207,1.0064057278633118,1.195900795932278,JALPAIGURI,Jalpaiguri
DHUPGURI,10.126134901046752,4.761973376274109,0.3400581336021423,1.0894653573284176,JALPAIGURI,Jalpaiguri
NH31 BRIDGE,10.10514850616455,4.771369853019714,0.495028081536293,1.10961693205201,JALPAIGURI,Jalpaiguri
MAINAGURI,10.10514850616455,4.771369853019714,0.495028081536293,1.10961693205201,JALPAIGURI,Jalpaiguri
HASIMARA,10.096287355422973,4.560897145271301,0.5212549710273743,1.1039426027064958,ALIPURDUAR,Alipurduar
PAREN/JHALUNG,10.032961740493775,4.396570420265197,-0.7841059136390686,0.9422042464371969,KALIMPONG,Kalimpong
TEESTA BAZAR,10.027076091766357,4.963134789466858,-0.09869050875306129,1.0528334007599203,KALIMPONG,Kalimpong
COOCH BEHAR AERO,10.018383836746215,5.056329979896545,0.20043399125337602,1.0463129871413317,COOCH BEHAR,Cooch Behar
MALBAZAR,9.991743841171264,4.392977347373963,0.6898732995986938,1.1341577015726778,JALPAIGURI,Jalpaiguri
JALPAIGURI,9.969535522460937,4.84474292755127,1.1278244948387146,1.1967159928869269,JALPAIGURI,Jalpaiguri
BAGROKOTE,9.95962721824646,4.72966582775116,0.933617730140686,1.2053541732082866,KALIMPONG,Kalimpong
MONGPOO,9.946786003112793,4.7210763788223264,0.9105467581748963,1.2038000776672333,DARJEELING,Darjeeling
SEVOK,9.94678526878357,4.721076011657715,0.9105462992191314,1.2037999887957547,DARJEELING,Darjeeling
ALGARAH,9.945503129959107,4.5797877645492555,-0.09076270766556263,1.043555966070646,DARJEELING,Darjeeling
PEDONG,9.945503129959107,4.57978666305542,-0.09076146848499775,1.043555966070646,KALIMPONG,Kalimpong
GARUBATHAN,9.943441133499146,4.359238958358764,0.5987463474273682,1.1286748860818108,KALIMPONG,Kalimpong
RESSISUM,9.940260753631591,4.577549896240234,-0.06888895623385906,1.0430058970573965,KALIMPONG,Kalimpong
CHEL,9.93548981666565,4.766519975662232,1.3240679216384887,1.2382160842277554,JALPAIGURI,Jalpaiguri
JHEPI,9.865896701812744,4.56647988319397,0.07134392209351062,1.0797108322208797,DARJEELING,Darjeeling
BHUTANGHAT/T.T.E,9.835353746414185,4.634221386909485,1.0557057464122772,1.1622322851208335,ALIPURDUAR,Alipurduar
KURSEONG,9.81223412513733,4.718254351615906,-0.015068395510315895,1.0460445384381973,DARJEELING,Darjeeling
PUNDIBARI AMFU,9.737606449127197,4.738209013938904,0.6435256057977676,1.0780231636984767,COOCH BEHAR,Cooch Behar
CHAMPASARI,9.71718108177185,4.656268153190613,0.8949924719333648,1.1743044857050937,DARJEELING,Darjeeling
HELDIBARI,9.585778007507324,4.687411422729492,1.5141148030757905,1.2543462054254468,COOCH BEHAR,Cooch Behar
MEKLIGANJ,9.54777940750122,4.731970152854919,1.0091746997833253,1.1513708228042587,COOCH BEHAR,Cooch Behar
PHALUT,9.52420597076416,4.5787978887557985,-1.016108787059784,0.903347768486584,DARJEELING,Darjeeling
DINHATA,9.491656093597411,4.928765978813171,0.5867249190807342,1.048607601332878,COOCH BEHAR,Cooch Behar
MATHABHANGA,9.441221628189087,4.627209644317627,0.35862716257572175,1.0327460278357066,COOCH BEHAR,Cooch Behar
PUNDIBARI,9.43017951965332,4.911023116111755,0.7057451373338699,1.0677781434032858,COOCH BEHAR,Cooch Behar
MEKHLIGANJ,9.428262920379638,4.677060685157776,0.9296876001358032,1.1369582782488474,COOCH BEHAR,Cooch Behar
SILIGURI,9.05112832069397,4.502410025596618,1.3414975929260253,1.1762410158477956,DARJEELING,Darjeeling
SALBARI,8.955087604522705,4.626595377922058,0.7323743015527725,1.0429502446786334,DARJEELING,Darjeeling
BAGDOGRA AERO,8.916026430130005,4.551833686828613,1.7212482404708862,1.248241954114821,DARJEELING,Darjeeling
BAGDOGRA,8.916026430130005,4.55183295249939,1.7212478733062744,1.248241954114821,DARJEELING,Darjeeling
CHOPRA,8.885186805725098,4.4373741579055785,1.755008108615875,1.2622135897348767,UTTAR DINAJPUR,Uttar Dinajpur
KHARIBARI,8.848673753738403,4.487344527244568,1.7367842602729797,1.2538824405629496,DARJEELING,Darjeeling
BONGAON,7.998526124954223,2.9806973934173584,-0.2571672573685646,1.678309714068026,24 PARGANAS N,North 24 Parganas
RAIDIGHI,7.621244659423828,3.05172997713089,-0.5588400059938431,1.480933379401719,24 PARGANAS S,South 24 Parganas
DIGHA,7.5306100749969485,2.8428459906578065,-0.33861513078212735,1.5833165649035417,PURBA MEDINIPUR,Purba Medinipur
CONTAI,7.3885761165618895,2.852336277961731,-0.04706748560070992,1.6834328039934798,PURBA MEDINIPUR,Purba Medinipur
RAMNAGAR,7.2179833602905275,2.8536830377578735,-0.26986316710710523,1.5471567223266078,PURBA MEDINIPUR,Purba Medinipur
GHARGRAM KHEJURI,7.181512899398804,2.833028008937836,-0.48355432510375973,1.4514674680181272,PASCHIM MEDINIPUR,Paschim Medinipur
NANDIGRAM,6.6944514179229735,2.7377451205253602,-0.21614039838314056,1.4635413149771856,PURBA MEDINIPUR,Purba Medinipur
KALYANI,6.692495164871215,2.737864816188812,-0.2116855442523956,1.4631136388339048,NADIA,Nadia
KAKDWIP,6.685197401046753,2.755409960746765,-0.20894723057746886,1.4450061974636883,24 PARGANAS S,South 24 Parganas
BASIRHAT(DEPT),6.482313985824585,2.8700914406776428,-0.2283712711930275,1.3601266247315873,24 PARGANAS N,North 24 Parganas
GOSABA,6.465854730606079,2.8026280641555785,-0.3119356420636177,1.333008013306566,24 PARGANAS S,South 24 Parganas
BALURGHAT,6.415234479904175,3.085689582824707,-0.21088315188884735,1.2272651991025592,DAKSHIN DINAJPUR,Dakshin Dinajpur
RANAGHAT,6.3887780666351315,2.804193654060364,-0.024180371314287186,1.4493133958606392,NADIA,Nadia
NAKSHIPARA,6.388027582168579,2.8014079761505126,-0.02977698978036642,1.4491431462167454,NADIA,Nadia
HENRIA,6.371057968139649,2.695882296562195,-0.18553160578012468,1.41404668312895,PURBA MEDINIPUR,Purba Medinipur
HARINGHATA,6.366509532928466,2.7657841968536374,-0.17582221299409867,1.3850683455535029,NADIA,Nadia
KUKRAHATI,6.307748508453369,2.696597900390625,-0.07834802307188511,1.4396847546859133,PURBA MEDINIPUR,Purba Medinipur
DURGACHACK,6.304298629760742,2.6961181998252868,-0.07294658415019512,1.438897352056808,PURBA MEDINIPUR,Purba Medinipur
HALDIA,6.304298629760742,2.6961187505722046,-0.07294632025063037,1.438897352056808,PURBA MEDINIPUR,Purba Medinipur
HEMTABAD,6.241044979095459,2.97847825050354,0.09779055386781693,1.2402251625833611,UTTAR DINAJPUR,Uttar Dinajpur
MAJHIAN,6.22194507598877,2.9876983046531675,-0.015923118870705365,1.2495509373241134,DAKSHIN DINAJPUR,Dakshin Dinajpur
MAJHIAN AMFU,6.22194507598877,2.9876983046531675,-0.015923163332045076,1.2495509373241134,DAKSHIN DINAJPUR,Dakshin Dinajpur
BALAGARH,6.204790410995483,2.742048473358154,-0.08965482287108897,1.3937328115091634,HOOGLY,Hooghly
CHAKDAH,6.203446588516235,2.752223522663116,-0.0596147108823061,1.3934309593339709,NADIA,Nadia
ETAMOGRA,6.166799888610839,2.6728311514854433,-0.060908839926123615,1.4177359754758108,PURBA MEDINIPUR,Purba Medinipur
DIAMOND HARBOUR,6.147933869361878,2.6746122670173644,-0.1700609642267227,1.366623124609784,24 PARGANAS S,South 24 Parganas
JENKA,6.137756433486938,2.6628292202949524,-0.021595242731273175,1.426803515782219,PURBA MEDINIPUR,Purba Medinipur
BASIRHAT,6.110847306251526,2.7133204126358033,-0.28957887411117555,1.290435622252842,24 PARGANAS N,North 24 Parganas
KUMARGANJ,6.09841254234314,2.963043200969696,0.2868867313861847,1.3054646681622148,DAKSHIN DINAJPUR,Dakshin Dinajpur
MO SALT LAKE,6.097378606796265,2.733043944835663,-0.25850954234600065,1.3171942647707662,24 PARGANAS N,North 24 Parganas
CANNING,6.093899354934692,2.766867332458496,-0.28641205638647077,1.2748583767613784,24 PARGANAS S,South 24 Parganas
BARNIPUR,6.086151080131531,2.7297095394134523,-0.26890011727809904,1.30103418298494,24 PARGANAS S,South 24 Parganas
MOHANPUR,6.06850037574768,2.6571974658966067,-0.008226811485365033,1.4197878046341268,PASCHIM MEDINIPUR,Paschim Medinipur
KALIAGANJ,6.062468962669373,2.9545985984802243,0.11263024598360061,1.2060953256654083,UTTAR DINAJPUR,Uttar Dinajpur
BHAGWANPUR,6.036844911575317,2.7019208693504333,-0.11026773676276207,1.380821562436173,PASCHIM MEDINIPUR,Paschim Medinipur
GANGARAMPUR,5.978189630508423,2.935548813343048,0.28403739631175995,1.3007242241730148,DAKSHIN DINAJPUR,Dakshin Dinajpur
MAHINAGAR,5.95176369190216,2.710164816379547,-0.2505759871006012,1.2773480131895378,DAKSHIN DINAJPUR,Dakshin Dinajpur
PANSKURA,5.931770844459534,2.6558837509155273,-0.11587779402732849,1.381131168541158,PURBA MEDINIPUR,Purba Medinipur
MO KOLKATA,5.927897624969482,2.7325313830375673,-0.09921035647392273,1.318135767836767,24 PARGANAS N,North 24 Parganas
TAMLUK,5.9145332002639766,2.6765437364578246,-0.1547764177620411,1.3396875110879412,PURBA MEDINIPUR,Purba Medinipur
MOYNA,5.9079066133499145,2.651870458126068,-0.13096169650554657,1.347339173767598,PURBA MEDINIPUR,Purba Medinipur
RAIGANJ,5.897359809875488,2.862659294605255,0.15356145858764647,1.2254438591907328,UTTAR DINAJPUR,Uttar Dinajpur
RAIGANJ(PTO),5.8973587083816525,2.8626591110229493,0.15356194049119948,1.2254436303054517,UTTAR DINAJPUR,Uttar Dinajpur
TAPAN,5.855979990959168,2.8836831402778627,0.16752016216516494,1.2335211703630764,DAKSHIN DINAJPUR,Dakshin Dinajpur
ALIPUR,5.853771495819092,2.697577128410339,-0.18755317971110344,1.284613917833796,KOLKATA,Kolkata
HARISHCHANDRAPUR,5.837924304008483,2.8987100863456727,0.4710536551475525,1.3410744333999474,MALDA,Maldah
MANMOTHNAGAR,5.8355873012542725,2.757808463573456,-0.12142061427235604,1.2814229689542296,24 PARGANAS S,South 24 Parganas
DEGANGA,5.835586934089661,2.757807912826538,-0.12142087817192077,1.2814228883294112,24 PARGANAS N,North 24 Parganas
PINGLA,5.824307637214661,2.628968749046326,-0.09311869397759437,1.3507459875339167,PASCHIM MEDINIPUR,Paschim Medinipur
KARANDIGHI,5.811314783096313,2.8564505410194396,0.18423032850027085,1.1935686012005624,UTTAR DINAJPUR,Uttar Dinajpur
KALNA,5.811213812828064,2.683255505561829,-0.05889570504426956,1.3321733109453455,PURBA BARDHAMAN,Purba Bardhaman
DALKOLA (FCS),5.796849231719971,2.87892431974411,0.3626376786828041,1.1914926954520224,UTTAR DINAJPUR,Uttar Dinajpur
SABONG,5.792683749198914,2.647168364524841,-0.0950797201693058,1.334553420786396,PASCHIM MEDINIPUR,Paschim Medinipur
HOWRAH,5.789736518859863,2.7256426405906677,-0.12669090658426285,1.2915159585563223,HOWRAH,Howrah
KAKDWIP AMFU,5.7897361516952515,2.7256431913375856,-0.1266905738413334,1.2915158766529484,24 PARGANAS S,South 24 Parganas
KOLAGHAT,5.7468043279647825,2.657824399471283,-0.15764648616313934,1.3150903625509276,PURBA MEDINIPUR,Purba Medinipur
KRISHNANAGAR,5.744715528488159,2.724274218082428,-0.00503878606017679,1.3278764510968564,NADIA,Nadia
BUDGE BUDGE,5.730900959968567,2.6748208165168763,-0.1802665799856186,1.274860243118333,24 PARGANAS S,South 24 Parganas
BAGATI,5.646978511810302,2.6548494482040406,-0.10392489925026893,1.2669402717033242,HOOGLY,Hooghly
AMTA,5.638198137283325,2.684195079803467,-0.029415083080530167,1.326734276895195,HOWRAH,Howrah
ULUBERIA,5.636312012672424,2.660330665111542,-0.13386521130800247,1.2774831556026625,HOWRAH,Howrah
BARASAT,5.632960166931152,2.698789322376251,-0.1364208146929741,1.2465261293803458,24 PARGANAS N,North 24 Parganas
DANTEN,5.617886958122253,2.5880820322036744,-0.013568972684442997,1.318315785377899,PASCHIM MEDINIPUR,Paschim Medinipur
DANTAN,5.617886958122253,2.5880818486213686,-0.01356944741681218,1.318315785377899,PASCHIM MEDINIPUR,Paschim Medinipur
PACHET%KHARAI,5.614910354614258,2.587600862979889,-0.018458192590624093,1.3176172837133668,PURBA MEDINIPUR,Purba Medinipur
INDAS,5.612628059387207,2.6116260957717894,0.029040233828127385,1.4073747062323165,BANKURA,Bankura
BOINCHEE,5.586360001564026,2.6363324189186095,-0.06112283378839493,1.2895087213504302,HOOGLY,Hooghly
BALICHAK,5.566523566246032,2.604445457458496,-0.0521928970515728,1.317664191205631,PASCHIM MEDINIPUR,Paschim Medinipur
KUSHMIUNDI,5.562089686393738,2.8168033719062806,0.31813154488801954,1.2377295169836664,DAKSHIN DINAJPUR,Dakshin Dinajpur
DUM DUM AERO,5.5440710830688475,2.6759959268569946,-0.12347086146473885,1.2336123765011549,24 PARGANAS N,North 24 Parganas
HOOGHLY,5.536090393066406,2.682528519630432,-0.10036278292536735,1.239223041733342,HOOGLY,Hooghly
CHINSURA,5.535556168556213,2.6787803196907043,-0.11088257685303687,1.2391034585481906,HOOGLY,Hooghly
NARAJOLE,5.529600758552551,2.628660514354706,-0.02228491125628352,1.3457994251488286,PURBA MEDINIPUR,Purba Medinipur
ITAHAR,5.526384763717651,2.810624542236328,0.32464231431484225,1.232102376526449,UTTAR DINAJPUR,Uttar Dinajpur
GHATAL,5.501167531013489,2.6127215313911436,-0.021714655850082636,1.339321524656565,PASCHIM MEDINIPUR,Paschim Medinipur
GADGHAT,5.500725464820862,2.6133218455314635,-0.021549516394734382,1.3392138986364936,PURBA MEDINIPUR,Purba Medinipur
CHANCHAL,5.498654656410217,2.8199429965019225,0.45181271493434905,1.2640546761956226,MALDA,Maldah
NARAYANGARH,5.496411280632019,2.6035108399391174,-0.03345754250884056,1.2931297390946663,PASCHIM MEDINIPUR,Paschim Medinipur
KHANAKUL,5.492553482055664,2.5975275254249572,0.0011586103425361217,1.3273535160796395,HOOGLY,Hooghly
BAMONGOLA,5.47073986530304,2.7982723903656006,0.3054877725243568,1.2283278717775443,MALDA,Maldah
PATRASAYAR,5.45870677947998,2.540599937438965,0.03425588171929121,1.3775603189721175,BANKURA,Bankura
RATUA,5.453671116828918,2.835318932533264,0.4162052285671234,1.2568653895593778,MALDA,Maldah
KALYANGANJ,5.451345496177673,2.7021765995025633,0.04202425304800272,1.3102134235716643,MURSHIDABAD,Murshidabad
MANTESWAR,5.450568208694458,2.6392945194244386,-0.09855245485901833,1.273035938863778,PURBA BARDHAMAN,Purba Bardhaman
BARRACKPORE,5.442756414413452,2.66837340593338,-0.12741907432675362,1.2127579457262665,24 PARGANAS N,North 24 Parganas
BARRACKPUR(IAF),5.442755680084229,2.6683728551864623,-0.12741801872849465,1.2127577821026292,24 PARGANAS N,North 24 Parganas
KESIARY KALTIKRI,5.411616082191467,2.5746006655693052,-0.005531681962311268,1.277847052846207,PURBA MEDINIPUR,Purba Medinipur
JAGATBALLARPUR,5.410482277870178,2.6280322957038877,-0.03623345900326967,1.2626413045722378,HOWRAH,Howrah
JAGATVALLAVPUR,5.409258885383606,2.6285611963272095,-0.028572311215102675,1.2623558021334687,HOWRAH,Howrah
MONTESWAR,5.409087786674499,2.6021783995628356,-0.06707831837236881,1.270658917177662,PURBA BARDHAMAN,Purba Bardhaman
KOTALPUR,5.406717371940613,2.5895936489105225,-0.014932342376559972,1.3434352876164841,BANKURA,Bankura
GAZOLE,5.397146859169006,2.7925890493392944,0.43093183398246765,1.2493450037483353,MALDA,Maldah
BANSHIHARI,5.397145757675171,2.7925883150100708,0.43093100786209104,1.2493447487717977,DAKSHIN DINAJPUR,Dakshin Dinajpur
KHIRAPAI,5.396087222099304,2.600083725452423,-0.026619795784354208,1.3214476282448162,PASCHIM MEDINIPUR,Paschim Medinipur
ISLAMPUR,5.378562088012695,2.774182720184326,0.3879503053426743,1.2450429546109292,UTTAR DINAJPUR,Uttar Dinajpur
KHARAGPORE I.I.T,5.369589319229126,2.570403423309326,-0.04633781477808952,1.2775654170929016,PASCHIM MEDINIPUR,Paschim Medinipur
KHARAGPORE,5.369588952064515,2.570403423309326,-0.04633732426911592,1.2775653297348595,PASCHIM MEDINIPUR,Paschim Medinipur
TENTULIA,5.36845000743866,2.5735584688186646,0.00031555062130792064,1.300646154415921,HOOGLY,Hooghly
MANGALKOTE,5.366502199172974,2.6357785511016845,-0.05781239159405231,1.2919623617271307,PURBA BARDHAMAN,Purba Bardhaman
HARINKHOLA,5.356588020324707,2.580593159198761,-0.0052153653465211395,1.2875947455945274,HOOGLY,Hooghly
ARAMBAGH,5.342409591674805,2.5925194001197815,-0.01075981345027685,1.29986051409197,HOOGLY,Hooghly
DEBAGRAM,5.333782691955566,2.6565754890441893,0.04084525305777788,1.2789801178279914,NADIA,Nadia
SERAMPORE,5.330810494422913,2.6291095566749574,-0.07729095615446567,1.2068236798859475,HOOGLY,Hooghly
CHANDITALA,5.33059974193573,2.6281887078285218,-0.08279841959476471,1.206775968362082,HOOGLY,Hooghly
MIDNAPORE(CWC),5.328552799224854,2.566726269721985,-0.0573728783428669,1.2784224267863085,PASCHIM MEDINIPUR,Paschim Medinipur
MIDNAPORE,5.328552432060242,2.566726269721985,-0.05737319961190224,1.2784223386964475,PASCHIM MEDINIPUR,Paschim Medinipur
MIDNAPORE (SCRF),5.3285520648956295,2.566725718975067,-0.057373779043555256,1.278422250606587,PASCHIM MEDINIPUR,Paschim Medinipur
CHANDRAKONA,5.326808767318726,2.601285088062286,-0.02078500796109438,1.312384087768283,PURBA MEDINIPUR,Purba Medinipur
BURDAWAN,5.326640238761902,2.559267871379852,0.1052112489938736,1.337356950442817,PURBA BARDHAMAN,Purba Bardhaman
BURDWAN,5.3266398715972905,2.559267871379852,0.10521150141954422,1.3373568582589783,PURBA BARDHAMAN,Purba Bardhaman
TARAKESHWAR,5.304970183372498,2.5865322303771974,-0.0032404116401448845,1.2636264550283989,HOOGLY,Hooghly
KATWA,5.304691505432129,2.631649417877197,0.042075799517333506,1.2847320749697615,PURBA BARDHAMAN,Purba Bardhaman
SINGUR,5.304348940849304,2.619218876361847,-0.03915979251265526,1.2228602519561904,HOOGLY,Hooghly
DHANIAKHALI,5.293159599304199,2.5553792309761048,0.025221718996763228,1.2647025782830323,HOOGLY,Hooghly
D.P.GHAT,5.255169811248779,2.564250295162201,0.06806651324033737,1.3280247661418787,JHARGRAM,Jhargram
SILDA BELPAHARI,5.251803278923035,2.540480425357819,0.17274673894047737,1.3707181032213736,JHARGRAM,Jhargram
SIROMANIPUR,5.247198667526245,2.4765561485290526,0.04771613925695419,1.3351838900881159,BANKURA,Bankura
LALGARH,5.2414540100097655,2.5610910272598266,0.08581669628620148,1.3245586700142329,JHARGRAM,Jhargram
KALAIKONDA  AF,5.240321674346924,2.555914189815521,-0.02070823756977916,1.2695065084955364,PASCHIM MEDINIPUR,Paschim Medinipur
JOYPUR,5.2211461353302,2.4956973576545716,0.0523939024657011,1.3282668945506442,BANKURA,Bankura
HABIBPUR,5.21214693069458,2.706351628303528,0.2051660317182541,1.1825423055159217,MALDA,Maldah
GOALFORE,5.201013031005859,2.551469478607178,0.022830814756453037,1.3006603285468634,PURBA MEDINIPUR,Purba Medinipur
SALAR,5.179025011062622,2.5839191198349,0.0852218609303236,1.2672360356524668,MURSHIDABAD,Murshidabad
AMLAGORA,5.138897223472595,2.5315788865089415,0.0414521474763751,1.2935236387269167,PASCHIM MEDINIPUR,Paschim Medinipur
MANGALKOT,5.116868081092834,2.491405203342438,0.02206762582063675,1.279777210662918,PURBA BARDHAMAN,Purba Bardhaman
VISHNUPUR,5.113339262008667,2.477946968078613,0.05480411440134048,1.309604893118868,BANKURA,Bankura
JHARGRAM (PT0),5.0965657138824465,2.5100307297706603,0.1522774150967598,1.3019027726505008,JHARGRAM,Jhargram
POTKABARI,5.091215023994446,2.6360164737701415,0.13630153208971024,1.2365981300046707,MURSHIDABAD,Murshidabad
AMTALA,5.091215023994446,2.6360162901878357,0.13630152061581613,1.2365981300046707,MURSHIDABAD,Murshidabad
PHULBERIA,5.089225358963013,2.5074943566322325,0.1465529401600361,1.3000277005022465,PURULIA,Purulia
MALDA,5.085771074295044,2.676239356994629,0.34202868312597273,1.1992395557389983,MALDA,Maldah
GHARGRAM,5.06756374835968,2.5127334284782408,0.13738664120435715,1.2931974429634687,JHARGRAM,Jhargram
SALBANI,5.06654303073883,2.4660297226905823,0.17120464757084847,1.2783361357620755,PASCHIM MEDINIPUR,Paschim Medinipur
JHARGRAM,5.065525617599487,2.513591125011444,0.14725419014692306,1.2926773300219472,JHARGRAM,Jhargram
SIMLAPAL,5.039196610450745,2.5122685980796815,0.08481403857469559,1.3043884815057756,BANKURA,Bankura
SARANGA,5.022958021163941,2.511965687274933,0.10291073322296143,1.2970604258946965,BANKURA,Bankura
PURIHANSA,5.015780687332153,2.5142424750328063,0.09310664065182209,1.2692819590636986,PURULIA,Purulia
GOPIBALLABHPUR,5.0054060840606684,2.447371518611908,0.3183588656783104,1.3242920885846152,JHARGRAM,Jhargram
LABPUR,5.000044379234314,2.488296971321106,0.11738561287522316,1.2605878751566955,BIRBHUM,Birbhum
CHANDIPUR,4.998428854942322,2.6256873989105225,0.19555120676755905,1.220169613916217,MURSHIDABAD,Murshidabad
KALICHAK,4.993888864517212,2.642613503932953,0.4354945886135101,1.2432383224795513,MALDA,Maldah
AKRIGANJ,4.992343468666077,2.620714337825775,0.20856308460235595,1.2186841064420284,MURSHIDABAD,Murshidabad
SHANTI NIKETAN,4.9844167518615725,2.4800025391578675,0.11365431398153306,1.2665365410467089,BIRBHUM,Birbhum
BOLPUR,4.982010722160339,2.4788463377952574,0.1156392402946949,1.2659251707124934,BIRBHUM,Birbhum
ONDA,4.954772982597351,2.4545940136909485,0.07597982853651047,1.2789042937691675,BANKURA,Bankura
SALBUNDH/J.PURI,4.953013529777527,2.4565258502960203,0.0701500978320837,1.2784501515160591,BANKURA,Bankura
LALGOLA,4.941786370277405,2.5855355620384217,0.2607629233598709,1.217176184431768,MURSHIDABAD,Murshidabad
BARABAZAR,4.932647275924682,2.477820112705231,0.2575445419549942,1.3217657672533005,PURULIA,Purulia
SONAMUKHI,4.927356066703796,2.4318268704414367,0.05963315516710281,1.2508288098246925,BANKURA,Bankura
JONGIPUR,4.925979566574097,2.5575576186180116,0.24752526223659516,1.2191490540166645,MURSHIDABAD,Murshidabad
HATWARA,4.923058404922485,2.495372784137726,0.17508174523711204,1.2645336135450767,PURULIA,Purulia
SIMULA(CWC),4.919409155845642,2.494495995044708,0.1685881522297859,1.2635962697757535,PURULIA,Purulia
PURULIA,4.909590439796448,2.4913277316093443,0.15483791783452033,1.2610742406904099,PURULIA,Purulia
RAIPUR,4.909534630775451,2.468003966808319,0.12190804824233055,1.2857097584116008,BANKURA,Bankura
SHEKHAMPORE,4.904993538856506,2.460390808582306,0.19015785694122314,1.2855320346281371,BIRBHUM,Birbhum
GHEROPARA,4.89964982509613,2.4781878280639646,0.04394135717302561,1.217518022184308,BIRBHUM,Birbhum
TALDANGRA,4.898734116554261,2.461506621837616,0.08868265703320503,1.272885631897704,BANKURA,Bankura
BANDWAN,4.896212797164917,2.457572636604309,0.33470416218042376,1.3611520533746246,PURULIA,Purulia
BARHAMPORE,4.879340114593505,2.564606261253357,0.18718365147709848,1.1914733847738446,MURSHIDABAD,Murshidabad
BANKURA,4.848627896308899,2.4541614937782286,0.10094847932457923,1.265320554134743,BANKURA,Bankura
BANKURA(CWC),4.848627896308899,2.4541614937782286,0.10094855964183808,1.265320554134743,BANKURA,Bankura
BHARATPUR,4.84810468673706,2.4709273314476015,0.13016637206077575,1.2081383024635248,MURSHIDABAD,Murshidabad
LALBAGH,4.846211218833924,2.5552096009254455,0.21089412093162535,1.1910233257472431,MURSHIDABAD,Murshidabad
KANSABETI DAM,4.844309673309326,2.452006604671478,0.17390748396515845,1.2989855461003317,BANKURA,Bankura
AMBIKANAGAR,4.844309673309326,2.45200697183609,0.17390723153948784,1.2989855461003317,BANKURA,Bankura
TUSUMA(CWC),4.84293794631958,2.4376389026641845,0.17644954815506936,1.2881450251942652,PURULIA,Purulia
MURARAI,4.834564390182495,2.4557377314567566,0.2702681267261505,1.2310380265057639,BIRBHUM,Birbhum
AZIMGANJ,4.830835099220276,2.544686846733093,0.21975935637950897,1.1906134552343968,MURSHIDABAD,Murshidabad
JIAGANJ,4.8308347320556635,2.544687397480011,0.21975917279720306,1.1906133647425632,MURSHIDABAD,Murshidabad
RANIBANDH,4.830787734985352,2.4482503271102907,0.16312947005033493,1.2953596832586394,BANKURA,Bankura
SAGARDIGHI,4.803942127227783,2.515562982559204,0.25481338798999786,1.2036522868442434,MURSHIDABAD,Murshidabad
BAGMANDI,4.789870910644531,2.4694917178153992,0.42887823641300205,1.262339717532568,PURULIA,Purulia
INDPUR,4.789142088890076,2.442524027824402,0.12251479923725128,1.2664891083277903,BANKURA,Bankura
MANBAZAR,4.781824498176575,2.4258896350860595,0.09926586717367172,1.243382450428542,PURULIA,Purulia
ARHARA,4.768815121650696,2.417669370174408,0.21080274283885955,1.2815898598623368,BANKURA,Bankura
KHARIDWAR(CWC),4.756801128387451,2.4153905630111696,0.17331295266747473,1.2684423818980584,PURULIA,Purulia
NARAYANPUR,4.753892450332642,2.3936252284049986,0.264157107770443,1.239123627816605,BIRBHUM,Birbhum
NALHATI,4.738204607963562,2.4120789217948913,0.2815495806932449,1.223413504673606,BIRBHUM,Birbhum
KHARGRAM,4.729592761993408,2.4609984660148623,0.17393542289733888,1.1870029985619768,MURSHIDABAD,Murshidabad
KANDI,4.729107370376587,2.461128258705139,0.1718832366168499,1.1868811780726372,MURSHIDABAD,Murshidabad
KANKSA,4.722672810554505,2.4556786179542542,-0.008973958482965828,1.1698770369268394,PASCHIM BARDHAMAN,Paschim Bardhaman
MANKER,4.722311520576477,2.461292014122009,0.001651788968592882,1.1697875399690951,PURBA BARDHAMAN,Purba Bardhaman
KADAMDEULI,4.706663331985474,2.403476254940033,0.14682985112071037,1.2520429533414772,BANKURA,Bankura
PALASDANGA,4.704796299934387,2.4259803247451783,0.03212243732064962,1.186519034296047,BANKURA,Bankura
RENDIA,4.704580039978027,2.4254563808441163,0.03521239429712295,1.1864644949412653,PASCHIM BARDHAMAN,Paschim Bardhaman
MUKUTMONIPUR,4.689905571937561,2.4030470395088197,0.17199297294020652,1.2583911256851712,BANKURA,Bankura
KASHIPUR,4.684463090896607,2.405869433879852,0.27497038096189497,1.2792753958726748,PURULIA,Purulia
KHATRA,4.68215950012207,2.40214656829834,0.16138390064239502,1.2563127068594577,BANKURA,Bankura
ALSHA,4.669236407279968,2.4099205446243284,0.20107588678598404,1.1890883243164165,PURULIA,Purulia
CHATNA,4.6619841718673705,2.413747134208679,0.1168939909338951,1.2236333637947572,BANKURA,Bankura
MAYURESHWAR,4.652900152206421,2.427940249443054,0.16678138107061385,1.193791660095882,BIRBHUM,Birbhum
BARJORA,4.628359971046447,2.4162007117271425,0.07953048817813396,1.1878819000867682,BANKURA,Bankura
PARA,4.617862734794617,2.408672368526459,0.39956252872943876,1.2994782815123123,PURULIA,Purulia
KOTSHILA,4.59804979801178,2.4087610387802125,0.3651743271946907,1.2067155698064818,PURULIA,Purulia
JAIPUR,4.582396101951599,2.3987859106063842,0.33648901820182797,1.202607402302727,PURULIA,Purulia
PANGARH AERO,4.581633868217468,2.425222129821777,0.06205949366092682,1.1634545616874048,PASCHIM BARDHAMAN,Paschim Bardhaman
RAMPURHAT,4.5758950853347775,2.3784809732437133,0.2518447932600975,1.1812080511066039,BIRBHUM,Birbhum
RAJNAGAR,4.567957720756531,2.3577679324150083,0.19185797825455664,1.198851338682387,BIRBHUM,Birbhum
SURI,4.565783004760743,2.3593698716163636,0.20450710892677307,1.1982805888326327,BIRBHUM,Birbhum
SURI(CWC),4.565122108459473,2.360292739868164,0.21024557054042814,1.198107137924384,BIRBHUM,Birbhum
TILPARA BARRAGE,4.565122108459473,2.360292189121246,0.21024490505456925,1.198107137924384,BIRBHUM,Birbhum
MALIARA,4.546307492256164,2.393168475627899,0.1079847989976406,1.1766245708892709,BANKURA,Bankura
JANGIPUR,4.532285108566284,2.558004457950592,0.8880704092979431,1.2818281946739563,MURSHIDABAD,Murshidabad
LACHMANPUR,4.526081495285034,2.377079689502716,0.12120165795087814,1.1836062667839005,PURBA MEDINIPUR,Purba Medinipur
JHALDA,4.5187418746948245,2.4125856089591977,0.5140090692043304,1.2150822506420753,PURULIA,Purulia
DURGAPUR,4.517157926559448,2.419471597671509,0.11218648165464401,1.170059559384094,PASCHIM BARDHAMAN,Paschim Bardhaman
JHALDAH/JHALDA,4.511198477745056,2.406540060043335,0.5001749032735825,1.213053843621409,PURULIA,Purulia
DEULI,4.496319131851196,2.371146676540375,0.1115890933573246,1.168307837541542,BANKURA,Bankura
GANGAJALGHATI,4.491294484138489,2.371342191696167,0.11740652978420257,1.1670022506533568,BANKURA,Bankura
RAGHUNATHPUR,4.438782601356507,2.297260673046112,0.3214640456438065,1.2351644015092051,PURULIA,Purulia
SALTORA,4.408824906349182,2.3368125629425047,0.1798366990685463,1.1823484172407317,BANKURA,Bankura
SHAMSUNDAR ROYNA,4.3353717899322515,2.356736934185028,0.291390395462513,1.1773635702007224,PURBA BARDHAMAN,Purba Bardhaman
DUMKA,4.334250102043152,2.343381505012512,0.560465810894966,1.230658531549441,MURSHIDABAD,Murshidabad
HETAMPUR,4.324275341033935,2.335492789745331,0.3049127009510994,1.176859855960141,BIRBHUM,Birbhum
LUUCHIPUR,4.226953220367432,2.313845682144165,0.2141137644648552,1.1318544219272235,PASCHIM BARDHAMAN,Paschim Bardhaman
MAJHIA,4.170147347450256,2.293792803287506,0.24269014030694963,1.1242989135685895,BANKURA,Bankura
ASANSOLE %A,4.156992206573486,2.27998649597168,0.35235360443592073,1.1684794961535696,PASCHIM BARDHAMAN,Paschim Bardhaman
TANTLOI,4.15231342792511,2.291083312034607,0.44090237259864806,1.1509530978680689,BIRBHUM,Birbhum
BURNPUR,4.148960113525391,2.3086367177963254,0.34515591591596606,1.1631653802349922,PASCHIM BARDHAMAN,Paschim Bardhaman
ASANSOL,4.148959746360779,2.3086369013786316,0.3451555946469307,1.1631652773000027,PASCHIM BARDHAMAN,Paschim Bardhaman
